game_id,club_id,own_goals,own_position,own_manager_name,opponent_id,opponent_goals,opponent_position,opponent_manager_name,hosting,is_win
3825466,418,2,,Carlo Ancelotti,24,0,,Oliver Glasner,Home,True
3828431,369,3,10,Freyr Alexandersson,865,3,8,Henrik Jensen,Home,False
3828437,678,1,3,Uwe Rösler,369,0,10,Freyr Alexandersson,Home,True
3828449,2414,2,6,Jens Berthel Askou,678,1,4,Uwe Rösler,Home,True
3837216,200,0,9,Henk Fraser,133,0,12,Henk de Jong,Home,False
3837815,931,2,9,Marco Silva,31,2,10,Jürgen Klopp,Home,False
3837821,29,0,15,Frank Lampard,631,1,8,Thomas Tuchel,Home,False
3837840,985,2,14,Erik ten Hag,31,1,16,Jürgen Klopp,Home,True
3837847,1237,1,4,Graham Potter,399,0,5,Jesse Marsch,Home,True
3837855,11,2,1,Mikel Arteta,405,1,19,Steven Gerrard,Home,True
3839054,23826,2,12,Domenico Tedesco,3,2,3,Steffen Baumgart,Home,False
3839779,417,1,12,Lucien Favre,667,1,15,Julien Stéphan,Home,False
3839820,969,1,13,Olivier Dall'Oglio,290,2,10,Jean-Marc Furlan,Home,False
3844088,621,0,11,Ernesto Valverde,237,0,13,Javier Aguirre,Home,False
3844095,3709,0,20,Quique Sánchez Flores,13,3,1,Diego Simeone,Home,False
3844599,237,1,14,Javier Aguirre,150,2,3,Manuel Pellegrini,Home,False
3844736,430,3,4,Vincenzo Italiano,2239,2,10,Massimiliano Alvini,Home,True
3844739,398,2,6,Maurizio Sarri,1025,1,11,Siniša Mihajlović,Home,True
3844743,380,0,15,Davide Nicola,12,1,9,José Mourinho,Home,False
3844748,749,0,15,Paolo Zanetti,430,0,8,Vincenzo Italiano,Home,False
3844770,506,2,20,Massimiliano Allegri,3522,0,12,Luca Gotti,Home,True
3845640,16704,3,8,Aleksandr Storozhuk,932,0,14,Josef Zinnbauer,Home,True
3851130,1184,2,2,Wouter Vrancken,520,1,14,Dominik Thalhammer,Home,True
3860186,3840,1,3,Vincenzo Montella,24245,0,17,Recep Ucar,Home,True
3860199,11282,3,3,Francesco Farioli,114,3,4,Valérien Ismaël,Home,False
3860201,141,0,9,Okan Buruk,11688,1,8,Hakan Keles,Home,False
3869048,1465,2,3,Nélson Veríssimo,3329,0,16,Rui Pedro Silva,Home,True
3885847,3709,0,18,Quique Sánchez Flores,1050,0,4,Unai Emery,Home,False
3887486,984,1,,Steve Bruce,350,0,,Paul Heckingbottom,Home,True
3889526,964,2,1,Sergey Semak,1186,0,16,Nikolay Kovardaev,Home,True
3889528,41231,4,7,Vadim Garanin,3719,1,11,Nikolay Pisarev,Home,True
3889532,11127,0,16,Viktor Goncharenko,964,4,1,Sergey Semak,Home,False
3889807,1090,7,,Pascal Jansen,1519,0,,Jack Ross,Home,True
3890030,1519,0,9,Jack Ross,1241,1,7,David Martindale,Home,False
3901608,6890,1,,Emre Belözoglu,1096,1,,Mark van Bommel,Home,False
3901642,2424,1,,Ivo Vieira,1090,2,,Pascal Jansen,Home,False
3837237,383,7,1,Ruud van Nistelrooy,724,1,15,Wim Jonk,Home,True
3837853,543,1,19,Bruno Lage,762,1,7,Eddie Howe,Home,False
3839027,89,3,3,Urs Fischer,44,1,15,Sandro Schwarz,Home,True
3845646,932,1,13,Josef Zinnbauer,2696,1,11,Igor Osinjkin,Home,False
3869055,336,3,6,Rúben Amorim,2425,0,16,Luís Freire,Home,True
3869066,720,3,1,Sérgio Conceição,336,0,10,Rúben Amorim,Home,True
3898922,338,0,,Mircea Lucescu,294,2,,Roger Schmidt,Home,False
3836754,202,2,7,Frank Wormuth,724,2,10,Wim Jonk,Home,False
3837220,317,3,4,Ron Jans,385,0,16,Sjors Ultee,Home,True
3839816,162,1,11,Philippe Clement,826,4,3,Franck Haise,Home,False
3839819,1082,1,12,Paulo Fonseca,583,7,1,Christophe Galtier,Home,False
3844772,12,3,2,José Mourinho,2919,0,19,Giovanni Stroppa,Home,True
3845637,11127,0,16,Igor Shalimov,232,2,1,Guillermo Abascal,Home,False
3851071,157,2,6,Hein Vanhaezebrouck,968,1,13,Jonas De Roeck,Home,True
3860276,924,0,19,Osman Zeki Korkmaz,2293,4,10,Ilhan Palut,Home,False
3869057,3329,0,18,Rui Pedro Silva,1075,3,5,Artur Jorge,Home,False
3869107,2995,0,17,César Peixoto,1465,3,5,Nélson Veríssimo,Home,False
3888990,683,2,4,Carlos Corberán,2671,0,12,Athanasios Staikos,Home,True
3889521,11127,0,15,Viktor Goncharenko,49702,1,13,Mikhail Galaktionov,Home,False
3898927,294,3,,Roger Schmidt,338,0,,Mircea Lucescu,Home,True
3837849,31,9,9,Jürgen Klopp,989,0,17,Scott Parker,Home,True
3889535,1083,0,6,Valeriy Karpin,2410,0,3,Vladimir Fedotov,Home,False
3851065,2282,1,8,Carl Hoefkens,3508,1,7,Mbaye Leye,Home,False
3902066,83678,1,6,Oleg Ratiy,49364,1,11,Sergiy Lavrynenko,Home,False
3828432,190,4,5,Jess Thorup,206,1,9,Niels Frederiksen,Home,True
3836753,235,2,8,Joseph Oosting,200,2,9,Henk Fraser,Home,False
3837238,317,4,2,Ron Jans,798,0,6,Marinus Dijkhuizen,Home,True
3837860,873,1,13,Patrick Vieira,1148,1,11,Thomas Frank,Home,False
3839028,3,3,4,Steffen Baumgart,33,1,14,Frank Kramer,Home,True
3839057,533,3,8,André Breitenreiter,80,2,17,Thomas Reis,Home,True
3839084,82,0,14,Niko Kovac,33,0,13,Frank Kramer,Home,False
3839100,39,0,7,Bo Svensson,15,3,13,Gerardo Seoane,Home,False
3839823,667,1,14,Julien Stéphan,1421,1,19,Óscar García,Home,False
3839842,1158,2,4,Régis Le Bris,3524,1,9,Pascal Gastien,Home,True
3839847,3911,0,14,Michel Der Zakarian,969,7,8,Olivier Dall'Oglio,Home,False
3839865,1082,1,8,Paulo Fonseca,417,2,15,Lucien Favre,Home,False
3844757,430,0,8,Vincenzo Italiano,6195,0,5,Luciano Spalletti,Home,False
3845639,3725,0,9,Andrey Talalaev,964,0,4,Sergey Semak,Home,False
3845645,1124,0,12,Oleg Vasilenko,11127,0,16,Evgeni Averyanov,Home,False
3851070,3057,2,9,Ronny Deila,520,0,15,Dominik Thalhammer,Home,True
3851080,1245,0,16,Bernd Storck,1096,1,1,Mark van Bommel,Home,False
3851133,3508,1,16,Mbaye Leye,172,3,6,Edward Still,Home,False
3860204,3840,3,1,Vincenzo Montella,2381,0,14,Riza Calimbay,Home,True
3869061,8024,1,12,Armando Evangelista,2424,0,11,Ivo Vieira,Home,True
3888999,1091,2,2,Razvan Lucescu,3060,1,7,Chris Coleman,Home,True
3889524,1083,2,5,Valeriy Karpin,41231,2,7,Vadim Garanin,Home,False
3890034,2759,1,11,Malky Mackay,371,3,1,Ange Postecoglou,Home,False
3902055,6992,0,14,Roman Grygorchuk,26459,1,5,Yuriy Virt,Home,False
3837219,610,6,1,Alfred Schreuder,202,1,15,Frank Wormuth,Home,True
3837814,873,0,19,Patrick Vieira,11,2,2,Mikel Arteta,Home,False
3839099,3,0,8,Steffen Baumgart,79,0,12,Pellegrino Matarazzo,Home,False
3844090,150,3,2,Manuel Pellegrini,1531,0,19,Francisco Rodríguez,Home,True
3844761,1005,1,16,Marco Baroni,749,1,13,Paolo Zanetti,Home,False
3844769,46,3,3,Simone Inzaghi,2239,1,18,Massimiliano Alvini,Home,True
3851129,2861,0,11,Yves Vanderhaeghe,475,1,12,Bernd Hollerbach,Home,False
3865513,252,3,,Alexander Blessin,4171,2,,Fabio Caserta,Home,True
3869064,7378,2,4,Paulo Sérgio,2420,1,5,Moreno,Home,True
3887497,162,1,,Philippe Clement,383,1,,Ruud van Nistelrooy,Home,False
3889530,1124,1,14,Oleg Vasilenko,232,4,2,Guillermo Abascal,Home,False
3890035,370,2,7,Jim Goodwin,987,3,4,Stevie Hammell,Home,False
3909910,1083,2,,Valeriy Karpin,121,0,,Slavisa Jokanovic,Home,True
3837214,1435,2,18,René Hake,383,5,2,Ruud van Nistelrooy,Home,False
3837232,1283,3,10,Dick Lukkien,200,2,12,Henk Fraser,Home,True
3837827,281,4,1,Pep Guardiola,989,0,11,Scott Parker,Home,True
3837833,11,4,2,Mikel Arteta,1003,2,15,Brendan Rodgers,Home,True
3837842,148,1,4,Antonio Conte,543,0,18,Bruno Lage,Home,True
3837862,31,2,6,Jürgen Klopp,762,1,12,Eddie Howe,Home,True
3839730,1082,4,2,Paulo Fonseca,290,1,18,Jean-Marc Furlan,Home,True
3844091,940,2,9,Eduardo Coudet,714,2,8,Diego Martínez,Home,False
3844755,410,0,13,Andrea Sottil,380,0,12,Davide Nicola,Home,False
3844775,410,1,7,Andrea Sottil,430,0,10,Vincenzo Italiano,Home,True
3851077,2715,0,18,José Jeunechamps,172,1,8,Edward Still,Home,False
3851201,2715,0,18,José Jeunechamps,1184,4,2,Wouter Vrancken,Home,False
3860203,2832,1,7,Erol Bulut,868,0,13,Mustafa Dalci,Home,True
3869115,8024,0,10,Armando Evangelista,1075,6,2,Artur Jorge,Home,False
3885842,12321,0,13,Míchel,940,1,12,Eduardo Coudet,Home,False
3888992,1091,1,6,Razvan Lucescu,6418,0,10,Giannis Anastasiou,Home,True
3902069,660,1,7,Igor Jovicevic,3592,0,14,Yuriy Vernydub,Home,True
3839841,290,1,7,Jean-Marc Furlan,667,0,16,Julien Stéphan,Home,True
3851079,475,0,17,Bernd Hollerbach,58,3,2,Felice Mazzù,Home,False
3854847,868,0,12,Mustafa Dalci,2293,0,11,Ilhan Palut,Home,False
3869046,7378,0,12,Paulo Sérgio,2503,1,6,Petit,Home,False
3837831,1148,4,3,Thomas Frank,985,0,20,Erik ten Hag,Home,True
3828450,2778,3,1,Flemming Pedersen,190,1,8,Jess Thorup,Home,True
3837816,148,4,1,Antonio Conte,180,1,20,Ralph Hasenhüttl,Home,True
3837829,631,2,7,Thomas Tuchel,148,2,4,Antonio Conte,Home,False
3839096,27,1,1,Julian Nagelsmann,18,1,6,Daniel Farke,Home,False
3839729,3524,0,20,Pascal Gastien,583,5,1,Christophe Galtier,Home,False
3839868,244,1,3,Igor Tudor,3524,0,12,Pascal Gastien,Home,True
3839871,273,3,7,Bruno Génésio,3911,1,17,Michel Der Zakarian,Home,True
3844598,681,1,11,Imanol Alguacil,131,4,5,Xavi,Home,False
3844768,749,1,13,Paolo Zanetti,276,1,15,Gabriele Cioffi,Home,False
3845647,964,2,2,Sergey Semak,2410,1,4,Vladimir Fedotov,Home,True
3845648,121,0,5,Slavisa Jokanovic,16704,0,7,Aleksandr Storozhuk,Home,False
3851135,354,5,8,Danny Buijs,968,4,10,Jonas De Roeck,Home,True
3858515,1894,2,,Per Frandsen,22110,4,,Morten Eskesen,Home,False
3860181,11282,0,11,Francesco Farioli,924,1,15,Osman Zeki Korkmaz,Home,False
3860275,6890,2,2,Emre Belözoglu,3205,0,15,Cagdas Atan,Home,True
3869054,6912,0,10,Álvaro Pacheco,720,1,1,Sérgio Conceição,Home,False
3869067,1075,5,3,Artur Jorge,1301,0,18,Vasco Seabra,Home,True
3890029,370,4,5,Jim Goodwin,465,1,12,Stephen Robinson,Home,True
3890037,2553,0,11,Derek McInnes,371,5,1,Ange Postecoglou,Home,False
3890055,43,3,3,Robbie Neilson,2578,2,10,Callum Davidson,Home,True
3898907,190,2,,Jess Thorup,449,1,,Abdullah Avci,Home,True
3902064,18303,2,5,Yuriy Gura,61825,1,13,Volodymyr Sharan,Home,True
3906304,22110,2,,Morten Eskesen,369,0,,Freyr Alexandersson,Home,True
3837822,985,1,14,Erik ten Hag,1237,2,7,Graham Potter,Home,False
3839103,33,1,16,Frank Kramer,89,6,2,Urs Fischer,Home,False
3854845,114,1,5,Valérien Ismaël,3205,0,19,Cagdas Atan,Home,True
3889533,932,5,8,Josef Zinnbauer,14589,1,13,Marcel Licka,Home,True
3890050,987,1,3,Stevie Hammell,1241,0,7,David Martindale,Home,True
3828444,5724,1,4,Thomas Thomasberg,1063,0,6,Jacob Friis,Home,True
3836749,306,0,11,Kees van Wonderen,468,0,12,Maurice Steijn,Home,False
3837221,468,2,11,Maurice Steijn,1090,3,5,Pascal Jansen,Home,False
3837391,200,0,15,Henk Fraser,610,2,2,Alfred Schreuder,Home,False
3837393,724,1,13,Wim Jonk,317,0,5,Ron Jans,Home,True
3837820,989,2,3,Scott Parker,405,0,17,Steven Gerrard,Home,True
3837836,29,1,17,Frank Lampard,703,1,10,Steve Cooper,Home,False
3839030,82,2,9,Niko Kovac,86,2,8,Ole Werner,Home,False
3839083,24,1,15,Oliver Glasner,3,1,8,Steffen Baumgart,Home,False
3839735,667,1,15,Julien Stéphan,162,2,6,Philippe Clement,Home,False
3839844,417,0,18,Lucien Favre,244,3,2,Igor Tudor,Home,False
3844093,331,2,5,Jagoba Arrasate,368,1,14,Julen Lopetegui,Home,True
3844600,12321,3,9,Míchel,3709,1,20,Quique Sánchez Flores,Home,True
3844737,276,2,18,Gabriele Cioffi,6195,5,1,Luciano Spalletti,Home,False
3844764,380,4,9,Davide Nicola,1038,0,17,Marco Giampaolo,Home,True
3844774,6574,0,11,Alessio Dionisi,5,0,5,Stefano Pioli,Home,False
3851206,601,0,17,Karim Belhocine,3057,1,11,Ronny Deila,Home,False
3869049,1075,3,8,Artur Jorge,336,3,9,Rúben Amorim,Home,False
3869060,3268,0,14,Filipe Martins,294,1,2,Roger Schmidt,Home,False
3885849,714,1,16,Diego Martínez,418,3,1,Carlo Ancelotti,Home,False
3887500,383,3,,Ruud van Nistelrooy,162,2,,Philippe Clement,Home,True
3901643,1063,0,,Jacob Friis,379,3,,David Moyes,Home,False
3909907,232,1,,Guillermo Abascal,2696,0,,Igor Osinjkin,Home,True
3828438,190,1,8,Jess Thorup,5724,3,4,Thomas Thomasberg,Home,False
3828453,1063,2,5,Jacob Friis,369,1,12,Freyr Alexandersson,Home,True
3837835,873,3,9,Patrick Vieira,405,1,13,Steven Gerrard,Home,True
3837857,399,1,7,Jesse Marsch,29,1,17,Frank Lampard,Home,False
3844593,621,1,7,Ernesto Valverde,1049,0,10,Gennaro Gattuso,Home,True
3844773,1038,1,17,Marco Giampaolo,398,1,6,Maurizio Sarri,Home,False
3869053,2420,1,4,Moreno,1465,0,8,Nélson Veríssimo,Home,True
3869058,2503,2,3,Petit,2423,1,13,Mário Silva,Home,True
3888997,653,0,14,Nikolaos Nioplias,265,2,1,Ivan Jovanovic,Home,False
3890031,903,1,4,Lee Johnson,43,1,3,Robbie Neilson,Home,False
3898908,449,0,,Abdullah Avci,190,0,,Jess Thorup,Home,False
3828440,2414,3,6,Jens Berthel Askou,865,3,7,Henrik Jensen,Home,False
3837230,499,0,18,Thomas Letsch,306,4,7,Kees van Wonderen,Home,False
3837851,703,0,14,Steve Cooper,148,2,3,Antonio Conte,Home,False
3839056,39,0,6,Bo Svensson,89,0,5,Urs Fischer,Home,False
3839731,969,3,5,Olivier Dall'Oglio,1095,2,13,Bruno Irles,Home,True
3839737,415,1,9,Philippe Montanier,417,1,10,Lucien Favre,Home,False
3839863,162,2,16,Philippe Clement,1095,4,11,Bruno Irles,Home,False
3844602,1531,1,18,Francisco Rodríguez,3302,1,13,Rubi,Home,False
3844750,6195,4,1,Luciano Spalletti,2919,0,19,Giovanni Stroppa,Home,True
3851072,58,3,2,Felice Mazzù,2715,1,18,José Jeunechamps,Home,True
3851134,3057,1,15,Ronny Deila,2727,3,7,Marc Brys,Home,False
3869108,6912,2,11,Álvaro Pacheco,2424,2,12,Ivo Vieira,Home,False
3869112,1301,0,18,Vasco Seabra,7378,1,4,Paulo Sérgio,Home,False
3890036,43,4,3,Robbie Neilson,1519,1,10,Jack Ross,Home,True
3890049,903,2,8,Lee Johnson,124,2,2,Giovanni van Bronckhorst,Home,False
3890058,465,1,6,Stephen Robinson,903,0,8,Lee Johnson,Home,True
3901609,1090,4,,Pascal Jansen,2424,0,,Ivo Vieira,Home,True
3902062,55686,0,10,Valeriy Kryventsov,6992,0,12,Roman Grygorchuk,Home,False
3837387,1435,0,17,René Hake,468,1,11,Maurice Steijn,Home,False
3837825,180,2,17,Ralph Hasenhüttl,399,2,6,Jesse Marsch,Home,False
3839817,1420,1,17,Gérald Baticle,3911,3,8,Michel Der Zakarian,Home,False
3851081,2727,0,9,Marc Brys,2282,3,5,Carl Hoefkens,Home,False
3888991,265,1,5,Ivan Jovanovic,553,0,9,Dimitrios Spanos,Home,True
3828447,173,1,11,Andreas Alm,2414,0,7,Jens Berthel Askou,Home,True
3836755,499,2,17,Thomas Letsch,234,5,1,Arne Slot,Home,False
3837233,385,1,17,Sjors Ultee,133,4,9,Henk de Jong,Home,False
3837390,306,2,6,Kees van Wonderen,385,1,18,Dominik Vergoossen,Home,True
3837832,405,2,9,Steven Gerrard,29,1,18,Frank Lampard,Home,True
3837834,989,0,15,Scott Parker,11,3,1,Mikel Arteta,Home,False
3837843,379,0,20,David Moyes,1237,2,5,Graham Potter,Home,False
3837856,931,2,8,Marco Silva,1237,1,4,Graham Potter,Home,True
3839033,79,1,11,Pellegrino Matarazzo,23826,1,10,Domenico Tedesco,Home,False
3839058,44,1,14,Sandro Schwarz,24,1,16,Oliver Glasner,Home,False
3839104,86,3,10,Ole Werner,24,4,11,Oliver Glasner,Home,False
3839782,1421,2,20,Óscar García,3524,4,10,Pascal Gastien,Home,False
3839825,415,2,7,Philippe Montanier,1158,2,4,Régis Le Bris,Home,False
3839843,995,3,11,Antoine Kombouaré,415,1,10,Philippe Montanier,Home,True
3839849,1095,3,15,Bruno Irles,1420,1,17,Gérald Baticle,Home,True
3839866,969,2,6,Olivier Dall'Oglio,1147,0,20,Olivier Pantaloni,Home,True
3844092,2687,0,16,Sergio,681,1,7,Imanol Alguacil,Home,False
3844746,800,1,5,Gian Piero Gasperini,5,1,4,Stefano Pioli,Home,False
3844749,46,3,2,Simone Inzaghi,3522,0,9,Luca Gotti,Home,True
3844771,6195,1,4,Luciano Spalletti,1005,1,16,Marco Baroni,Home,False
3851068,172,1,14,Edward Still,2861,3,5,Yves Vanderhaeghe,Home,False
3851131,1096,4,1,Mark van Bommel,3948,2,9,Karel Geraerts,Home,True
3851202,520,1,15,Dominik Thalhammer,3508,1,16,Mbaye Leye,Home,False
3860187,10484,1,14,Senol Can,7775,0,19,Serkan Özbalta,Home,True
3860205,10484,0,18,Sami Ugurlu,36,6,5,Jorge Jesus,Home,False
3860272,24245,0,14,Recep Ucar,141,1,8,Okan Buruk,Home,False
3860274,2381,1,12,Riza Calimbay,11282,1,11,Francesco Farioli,Home,False
3865511,380,0,,Davide Nicola,130,2,,Fabio Pecchia,Home,False
3869062,3268,2,9,Filipe Martins,2503,0,6,Petit,Home,True
3887503,865,1,,Henrik Jensen,294,3,,Roger Schmidt,Home,False
3889531,3725,1,10,Andrey Talalaev,2696,2,9,Igor Osinjkin,Home,False
3890052,2578,0,10,Callum Davidson,370,1,5,Jim Goodwin,Home,False
3898923,124,2,,Giovanni van Bronckhorst,383,2,,Ruud van Nistelrooy,Home,False
3837213,798,3,3,Marinus Dijkhuizen,499,1,17,Thomas Letsch,Home,True
3837234,468,0,14,Maurice Steijn,610,1,3,Alfred Schreuder,Home,False
3839082,18,1,2,Daniel Farke,44,0,16,Sandro Schwarz,Home,True
3839101,533,1,4,André Breitenreiter,167,0,14,Enrico Maaßen,Home,True
3839870,667,1,18,Julien Stéphan,995,1,10,Antoine Kombouaré,Home,False
3844763,2919,1,19,Giovanni Stroppa,410,2,10,Andrea Sottil,Home,False
3889522,3719,0,9,Nikolay Pisarev,932,3,12,Josef Zinnbauer,Home,False
3837861,180,2,9,Ralph Hasenhüttl,631,1,10,Thomas Tuchel,Home,True
3844601,331,2,4,Jagoba Arrasate,2687,0,19,Sergio,Home,True
3844753,6574,1,10,Alessio Dionisi,1005,0,18,Marco Baroni,Home,True
3851067,601,0,10,Karim Belhocine,475,0,17,Bernd Hollerbach,Home,False
3851075,968,4,7,Jonas De Roeck,3057,2,13,Ronny Deila,Home,True
3860200,24245,0,12,Recep Ucar,589,1,10,Nuri Sahin,Home,False
3869069,1465,2,8,Nélson Veríssimo,2425,2,15,Luís Freire,Home,False
3885848,131,4,3,Xavi,366,0,19,Pacheta,Home,True
3887502,124,3,,Giovanni van Bronckhorst,3948,0,,Karel Geraerts,Home,True
3888994,2441,0,5,Matías Almeyda,60949,1,4,Konstantinos Bratsos,Home,False
3889527,16704,2,6,Aleksandr Storozhuk,14589,0,11,Marcel Licka,Home,True
3890051,2759,1,9,Malky Mackay,2553,0,12,Derek McInnes,Home,True
3828433,173,1,12,Andreas Alm,678,2,3,Uwe Rösler,Home,False
3828452,1177,1,3,Kent Nielsen,173,2,9,Andreas Alm,Home,False
3836750,385,2,13,Sjors Ultee,610,3,5,Alfred Schreuder,Home,False
3837236,235,0,13,Joseph Oosting,234,1,4,Arne Slot,Home,False
3837823,379,0,16,David Moyes,281,2,5,Pep Guardiola,Home,False
3837824,543,0,14,Bruno Lage,931,0,13,Marco Silva,Home,False
3837837,931,3,7,Marco Silva,1148,2,8,Thomas Frank,Home,True
3837852,180,0,13,Ralph Hasenhüttl,985,1,8,Erik ten Hag,Home,False
3837859,379,1,14,David Moyes,148,1,3,Antonio Conte,Home,False
3839029,18,3,5,Daniel Farke,533,1,16,André Breitenreiter,Home,True
3839032,167,0,17,Enrico Maaßen,60,4,2,Christian Streich,Home,False
3839085,80,0,18,Thomas Reis,27,7,1,Julian Nagelsmann,Home,False
3839775,290,2,18,Jean-Marc Furlan,1420,2,11,Gérald Baticle,Home,False
3839846,826,2,3,Franck Haise,273,1,13,Bruno Génésio,Home,True
3839848,1421,1,19,Óscar García,1041,1,5,Peter Bosz,Home,False
3839869,826,5,2,Franck Haise,1158,2,5,Régis Le Bris,Home,True
3844751,12,1,3,José Mourinho,2239,0,17,Massimiliano Alvini,Home,True
3844762,5,2,1,Stefano Pioli,1025,0,14,Siniša Mihajlović,Home,True
3845642,2696,0,10,Igor Osinjkin,121,2,5,Slavisa Jokanovic,Home,False
3851066,1184,4,3,Wouter Vrancken,1245,2,16,Bernd Storck,Home,True
3854843,589,0,15,Nuri Sahin,141,1,6,Okan Buruk,Home,False
3854849,924,0,17,Osman Zeki Korkmaz,449,2,3,Abdullah Avci,Home,False
3860182,6646,4,13,Andrea Pirlo,868,1,18,Mustafa Dalci,Home,True
3860277,36,4,1,Jorge Jesus,3840,2,6,Vincenzo Montella,Home,True
3869044,2425,0,13,Luís Freire,6912,1,7,Álvaro Pacheco,Home,False
3869047,2424,1,5,Ivo Vieira,2995,0,15,César Peixoto,Home,True
3869068,3325,1,11,Vítor Campelos,6912,1,12,Álvaro Pacheco,Home,False
3887498,294,4,,Roger Schmidt,865,1,,Henrik Jensen,Home,True
3888989,60949,3,8,Oswald Tanchot,6676,3,7,Iraklis Metaxas,Home,False
3889000,2671,1,11,Athanasios Staikos,3999,1,12,Gianluca Festa,Home,False
3889534,1186,1,15,Nikolay Kovardaev,16704,4,4,Aleksandr Storozhuk,Home,False
3890033,124,2,2,Giovanni van Bronckhorst,2553,0,10,Derek McInnes,Home,True
3901639,317,0,,Ron Jans,430,0,,Vincenzo Italiano,Home,False
3902067,18105,2,8,Oleg Dulub,10690,3,1,Patrick van Leeuwen,Home,False
3902068,338,0,9,Mircea Lucescu,60551,3,4,Oleksandr Kucher,Home,False
3909905,3719,0,,Nikolay Pisarev,16704,2,,Aleksandr Storozhuk,Home,False
3839824,273,2,9,Bruno Génésio,1147,1,18,Olivier Pantaloni,Home,True
3839872,415,0,13,Philippe Montanier,583,3,1,Christophe Galtier,Home,False
3844742,2919,1,12,Giovanni Stroppa,416,2,7,Ivan Juric,Home,False
3845649,3719,1,9,Nikolay Pisarev,3725,3,8,Andrey Talalaev,Home,False
3869065,2423,1,14,Mário Silva,8024,2,7,Armando Evangelista,Home,False
3869110,336,0,13,Rúben Amorim,3325,2,6,Vítor Campelos,Home,False
3890057,124,4,2,Giovanni van Bronckhorst,2759,0,11,Malky Mackay,Home,True
3898928,383,0,,Ruud van Nistelrooy,124,1,,Giovanni van Bronckhorst,Home,False
3828442,1053,2,10,Lars Friis,206,1,9,Niels Frederiksen,Home,True
3828445,865,0,8,Henrik Jensen,678,2,2,Uwe Rösler,Home,False
3837215,1283,1,14,Dick Lukkien,235,1,8,Joseph Oosting,Home,False
3837394,133,0,10,Henk de Jong,1090,1,4,Pascal Jansen,Home,False
3837819,399,2,6,Jesse Marsch,543,1,13,Bruno Lage,Home,True
3839031,80,1,12,Thomas Reis,39,2,6,Bo Svensson,Home,False
3839098,60,1,3,Christian Streich,80,0,18,Thomas Reis,Home,True
3839736,273,0,17,Bruno Génésio,1158,1,8,Régis Le Bris,Home,False
3839774,1147,0,16,Olivier Pantaloni,826,0,7,Franck Haise,Home,False
3844595,940,1,16,Eduardo Coudet,418,4,2,Carlo Ancelotti,Home,False
3844744,1038,0,17,Marco Giampaolo,800,2,3,Gian Piero Gasperini,Home,False
3844752,1038,0,16,Marco Giampaolo,506,0,20,Massimiliano Allegri,Home,False
3844758,276,0,15,Gabriele Cioffi,800,1,3,Gian Piero Gasperini,Home,False
3845644,41231,2,3,Vadim Garanin,49702,1,13,Mikhail Galaktionov,Home,True
3851207,3948,2,6,Karel Geraerts,58,1,7,Felice Mazzù,Home,True
3869051,3325,0,14,Vítor Campelos,2420,1,4,Moreno,Home,False
3885850,2687,0,20,Sergio,621,4,5,Ernesto Valverde,Home,False
3888993,3999,0,14,Gianluca Festa,2441,3,1,Matías Almeyda,Home,False
3888998,6418,3,8,Giannis Anastasiou,605,1,6,Germán Burgos,Home,True
3901612,430,2,,Vincenzo Italiano,317,1,,Ron Jans,Home,True
3903139,1123,5,,Dean Smith,989,7,,Scott Parker,Home,False
3851073,1096,4,1,Mark van Bommel,2727,2,4,Marc Brys,Home,True
3860279,7775,1,16,Serkan Özbalta,2832,2,4,Erol Bulut,Home,False
3828436,206,2,9,Niels Frederiksen,173,0,12,Andreas Alm,Home,True
3837386,467,1,8,Rogier Meijer,202,1,9,Frank Wormuth,Home,False
3837826,703,1,10,Steve Cooper,379,0,19,David Moyes,Home,True
3837863,281,6,2,Pep Guardiola,703,0,15,Steve Cooper,Home,True
3839025,24,1,18,Oliver Glasner,27,6,1,Julian Nagelsmann,Home,False
3839053,15,1,18,Gerardo Seoane,167,2,9,Enrico Maaßen,Home,False
3839778,995,1,13,Antoine Kombouaré,1082,1,3,Paulo Fonseca,Home,False
3844754,416,0,7,Ivan Juric,398,0,6,Maurizio Sarri,Home,False
3844765,3522,2,11,Luca Gotti,6574,2,12,Alessio Dionisi,Home,False
3845651,14589,1,10,Marcel Licka,1186,0,15,Aleksandr Borodyuk,Home,True
3851069,354,3,12,Danny Buijs,3948,0,11,Karel Geraerts,Home,True
3851074,2861,1,10,Yves Vanderhaeghe,157,3,4,Hein Vanhaezebrouck,Home,False
3851132,2282,2,4,Carl Hoefkens,601,1,13,Karim Belhocine,Home,True
3854846,2381,1,10,Riza Calimbay,2832,1,9,Erol Bulut,Home,False
3854848,6890,4,1,Emre Belözoglu,10484,0,18,Sami Ugurlu,Home,True
3860185,2832,5,2,Erol Bulut,589,2,9,Nuri Sahin,Home,True
3860188,2293,1,4,Ilhan Palut,36,0,7,Jorge Jesus,Home,True
3860273,114,4,3,Valérien Ismaël,6646,1,17,Andrea Pirlo,Home,True
3865509,749,1,,Paolo Zanetti,2722,2,,Roberto Venturato,Home,False
3865512,2919,3,,Giovanni Stroppa,8970,2,,Fabio Grosso,Home,True
3869113,2503,0,9,Petit,294,3,1,Roger Schmidt,Home,False
3885843,150,1,2,Manuel Pellegrini,331,0,7,Jagoba Arrasate,Home,True
3887494,3948,2,,Karel Geraerts,124,0,,Giovanni van Bronckhorst,Home,True
3890032,987,1,6,Stevie Hammell,2578,2,8,Callum Davidson,Home,False
3890038,1241,2,5,David Martindale,903,1,6,Lee Johnson,Home,True
3890047,371,2,1,Ange Postecoglou,43,0,4,Robbie Neilson,Home,True
3890054,1519,0,12,Jack Ross,371,9,1,Ange Postecoglou,Home,False
3902058,48726,1,11,Leonid Kuchuk,83678,2,3,Oleg Ratiy,Home,False
3909964,49364,1,15,Sergiy Lavrynenko,18303,2,5,Yuriy Gura,Home,False
3844094,3302,1,15,Rubi,418,2,4,Carlo Ancelotti,Home,False
3890899,416,3,,Ivan Juric,458,0,,Stefano Di Benedetto,Home,True
3902056,48332,1,6,Yaroslav Vyshnyak,3592,0,13,Yuriy Vernydub,Home,True
3828430,2778,1,1,Flemming Pedersen,1063,0,7,Jacob Friis,Home,True
3828435,5724,1,6,Thomas Thomasberg,2414,0,4,Jens Berthel Askou,Home,True
3828439,1053,0,11,Lars Friis,2778,0,1,Flemming Pedersen,Home,False
3828441,1063,2,5,Jacob Friis,1177,0,2,Kent Nielsen,Home,True
3828448,206,0,10,Niels Frederiksen,865,2,7,Albert Capellas,Home,False
3837218,724,1,13,Wim Jonk,467,4,7,Rogier Meijer,Home,False
3837388,499,2,16,Thomas Letsch,235,2,14,Joseph Oosting,Home,False
3837392,798,1,7,Marinus Dijkhuizen,383,6,1,Ruud van Nistelrooy,Home,False
3837830,1237,0,8,Graham Potter,762,0,5,Eddie Howe,Home,False
3837845,405,0,15,Steven Gerrard,379,1,16,David Moyes,Home,False
3837854,989,0,16,Gary O'Neil,543,0,18,Bruno Lage,Home,False
3839026,16,1,7,Edin Terzic,15,0,13,Gerardo Seoane,Home,True
3839052,27,2,1,Julian Nagelsmann,82,0,15,Niko Kovac,Home,True
3839080,15,0,17,Gerardo Seoane,533,3,6,André Breitenreiter,Home,False
3839097,23826,2,9,Domenico Tedesco,82,0,15,Niko Kovac,Home,True
3839102,44,0,17,Sandro Schwarz,16,1,5,Edin Terzic,Home,False
3839733,244,4,3,Igor Tudor,1421,1,19,Óscar García,Home,True
3839845,583,1,1,Christophe Galtier,162,1,12,Philippe Clement,Home,False
3844089,131,0,12,Xavi,367,0,10,Andoni Iraola,Home,False
3844747,1025,1,11,Siniša Mihajlović,276,1,14,Gabriele Cioffi,Home,False
3845652,232,3,1,Guillermo Abascal,41231,0,6,Vadim Garanin,Home,True
3851078,3948,2,6,Karel Geraerts,601,1,12,Karim Belhocine,Home,True
3851200,172,1,8,Edward Still,2282,3,3,Carl Hoefkens,Home,False
3851204,475,3,9,Bernd Hollerbach,354,1,10,Danny Buijs,Home,True
3854851,11688,2,14,Hakan Keles,3840,3,4,Vincenzo Montella,Home,False
3860206,2293,0,11,Ilhan Palut,6890,0,6,Emre Belözoglu,Home,False
3860207,3205,1,15,Cagdas Atan,924,0,19,Osman Zeki Korkmaz,Home,True
3869056,1301,1,17,Vasco Seabra,3325,2,9,Vítor Campelos,Home,False
3885845,367,0,11,Andoni Iraola,237,2,9,Javier Aguirre,Home,False
3888988,3060,3,3,Chris Coleman,653,1,11,Nikolaos Nioplias,Home,True
3889520,2696,1,10,Igor Osinjkin,1124,1,14,Oleg Vasilenko,Home,False
3889668,1519,1,,Jack Ross,1090,0,,Pascal Jansen,Home,True
3890056,2553,2,9,Derek McInnes,987,1,5,Stevie Hammell,Home,True
3901636,1096,1,,Mark van Bommel,6890,3,,Emre Belözoglu,Home,False
3902065,2740,1,15,Viktor Skrypnyk,26459,2,3,Yuriy Virt,Home,False
3909908,964,2,,Sergey Semak,1124,0,,Oleg Vasilenko,Home,True
3909911,11127,2,,Viktor Goncharenko,41231,0,,Vadim Garanin,Home,True
3828451,5724,1,2,Thomas Thomasberg,1053,0,11,Lars Friis,Home,True
3888996,553,0,10,Dimitrios Spanos,2672,0,13,Giannis Taousianis,Home,False
3902054,660,0,9,Igor Jovicevic,55686,0,10,Valeriy Kryventsov,Home,False
3828443,2778,0,3,Flemming Pedersen,1177,2,1,Kent Nielsen,Home,False
3837217,234,0,6,Arne Slot,306,0,10,Kees van Wonderen,Home,False
3837389,234,4,3,Arne Slot,1283,0,12,Dick Lukkien,Home,True
3837818,1003,2,11,Brendan Rodgers,1148,2,12,Thomas Frank,Home,False
3839060,86,2,10,Ole Werner,79,2,11,Pellegrino Matarazzo,Home,False
3839079,16,2,7,Edin Terzic,86,3,9,Ole Werner,Home,False
3839728,1420,0,11,Gérald Baticle,995,0,12,Antoine Kombouaré,Home,False
3839734,826,3,4,Franck Haise,3911,2,14,Michel Der Zakarian,Home,True
3839864,1420,2,19,Gérald Baticle,1421,4,14,Óscar García,Home,False
3844097,1049,1,6,Gennaro Gattuso,12321,0,17,Míchel,Home,True
3844594,13,0,8,Diego Simeone,1050,2,1,Unai Emery,Home,False
3844738,506,3,20,Massimiliano Allegri,6574,0,19,Alessio Dionisi,Home,True
3844741,5,4,2,Stefano Pioli,410,2,16,Andrea Sottil,Home,True
3844756,2239,1,18,Massimiliano Alvini,416,2,4,Ivan Juric,Home,False
3845638,2410,4,2,Vladimir Fedotov,1124,1,12,Oleg Vasilenko,Home,True
3845641,1186,1,15,Aleksandr Borodyuk,3719,3,7,Sergey Yuran,Home,False
3845650,49702,3,14,Mikhail Galaktionov,1083,4,3,Valeriy Karpin,Home,False
3851076,520,0,15,Dominik Thalhammer,354,0,11,Danny Buijs,Home,False
3851082,3508,1,14,Mbaye Leye,1184,4,3,Wouter Vrancken,Home,False
3851128,1245,1,18,Bernd Storck,2715,3,17,José Jeunechamps,Home,False
3851205,157,1,5,Hein Vanhaezebrouck,1096,2,1,Mark van Bommel,Home,False
3854844,6646,2,16,Andrea Pirlo,11282,4,2,Francesco Farioli,Home,False
3854850,36,3,7,Jorge Jesus,24245,3,8,Recep Ucar,Home,False
3860189,3205,3,12,Cagdas Atan,11688,0,10,Hakan Keles,Home,True
3869050,2423,0,11,Mário Silva,3268,0,10,Filipe Martins,Home,False
3869109,2425,3,14,Luís Freire,720,1,3,Sérgio Conceição,Home,True
3885846,3302,2,10,Rubi,368,1,15,Julen Lopetegui,Home,True
3909906,49702,2,,Mikhail Galaktionov,932,0,,Josef Zinnbauer,Home,True
3909909,3725,3,,Andrey Talalaev,14589,1,,Marcel Licka,Home,True
3888995,6676,0,9,Iraklis Metaxas,683,0,3,Carlos Corberán,Home,False
3902063,48332,2,2,Yaroslav Vyshnyak,48726,0,16,Leonid Kuchuk,Home,True
3828434,1177,3,2,Kent Nielsen,1053,1,11,Lars Friis,Home,True
3836751,133,0,15,Henk de Jong,798,2,3,Marinus Dijkhuizen,Home,False
3836752,383,4,2,Ruud van Nistelrooy,1283,1,18,Dick Lukkien,Home,True
3836757,1090,2,4,Pascal Jansen,1435,0,16,René Hake,Home,True
3837231,202,1,11,Frank Wormuth,1435,0,16,René Hake,Home,True
3837838,399,3,3,Jesse Marsch,631,0,12,Thomas Tuchel,Home,True
3837839,1003,1,19,Brendan Rodgers,180,2,11,Ralph Hasenhüttl,Home,False
3837841,762,3,6,Eddie Howe,281,3,2,Pep Guardiola,Home,False
3837844,11,2,1,Mikel Arteta,931,1,11,Marco Silva,Home,True
3837850,281,4,2,Pep Guardiola,873,2,12,Patrick Vieira,Home,True
3839055,60,1,7,Christian Streich,16,3,2,Edin Terzic,Home,False
3839059,33,2,13,Frank Kramer,18,2,4,Daniel Farke,Home,False
3839086,167,1,10,Enrico Maaßen,39,2,4,Bo Svensson,Home,False
3839732,1041,2,7,Peter Bosz,1147,1,16,Olivier Pantaloni,Home,True
3839776,162,1,6,Philippe Clement,273,1,17,Bruno Génésio,Home,False
3839783,1095,0,19,Bruno Irles,415,3,5,Philippe Montanier,Home,False
3839818,3524,1,6,Pascal Gastien,417,0,15,Lucien Favre,Home,True
3839822,244,2,2,Igor Tudor,995,1,16,Antoine Kombouaré,Home,True
3844096,366,0,18,Pacheta,1050,3,3,Unai Emery,Home,False
3844596,714,0,15,Diego Martínez,367,2,6,Andoni Iraola,Home,False
3844740,1005,1,13,Marco Baroni,46,2,5,Simone Inzaghi,Home,False
3844745,3522,1,8,Luca Gotti,749,0,14,Paolo Zanetti,Home,True
3844760,398,3,2,Maurizio Sarri,46,1,7,Simone Inzaghi,Home,True
3845643,1083,2,6,Valeriy Karpin,14589,1,11,Marcel Licka,Home,True
3851203,2727,2,4,Marc Brys,2861,1,13,Yves Vanderhaeghe,Home,True
3860183,114,3,1,Valérien Ismaël,2381,1,16,Riza Calimbay,Home,True
3860278,11688,1,7,Hakan Keles,10484,0,18,Senol Can,Home,True
3869045,294,4,2,Roger Schmidt,8024,0,18,Armando Evangelista,Home,True
3869052,720,5,1,Sérgio Conceição,1301,1,17,Vasco Seabra,Home,True
3869059,2995,0,15,César Peixoto,7378,3,7,Paulo Sérgio,Home,False
3869063,2424,0,13,Ivo Vieira,3329,0,16,Rui Pedro Silva,Home,False
3869111,2420,0,8,Moreno,3268,1,7,Filipe Martins,Home,False
3885844,1531,0,17,Francisco Rodríguez,681,1,8,Imanol Alguacil,Home,False
3889523,121,1,4,Slavisa Jokanovic,232,0,2,Guillermo Abascal,Home,True
3889529,49702,2,12,Mikhail Galaktionov,121,2,5,Slavisa Jokanovic,Home,False
3828446,369,0,12,Freyr Alexandersson,190,3,5,Jess Thorup,Home,False
3836756,467,0,14,Rogier Meijer,317,1,6,Ron Jans,Home,False
3837817,762,2,4,Eddie Howe,703,0,18,Steve Cooper,Home,True
3837828,31,1,12,Jürgen Klopp,873,1,16,Patrick Vieira,Home,False
3837846,1148,1,10,Thomas Frank,29,1,18,Frank Lampard,Home,False
3839081,89,2,3,Urs Fischer,23826,1,11,Domenico Tedesco,Home,True
3839087,79,0,12,Pellegrino Matarazzo,60,1,5,Christian Streich,Home,False
3839780,583,5,1,Christophe Galtier,969,2,9,Olivier Dall'Oglio,Home,True
3839840,1147,1,20,Olivier Pantaloni,1082,3,6,Paulo Fonseca,Home,False
3839867,1041,2,4,Peter Bosz,290,1,9,Jean-Marc Furlan,Home,True
3844759,506,1,20,Massimiliano Allegri,12,1,6,José Mourinho,Home,False
3860202,449,1,2,Abdullah Avci,7775,0,16,Serkan Özbalta,Home,True
3860271,589,5,5,Nuri Sahin,449,2,9,Abdullah Avci,Home,True
3869070,294,3,2,Roger Schmidt,2995,2,17,César Peixoto,Home,True
3869114,3329,1,15,Rui Pedro Silva,2423,0,16,Mário Silva,Home,True
3885851,1049,0,14,Gennaro Gattuso,13,1,6,Diego Simeone,Home,False
3888987,605,3,2,Germán Burgos,2672,0,13,Giannis Taousianis,Home,True
3889525,2410,4,3,Vladimir Fedotov,3725,2,8,Andrey Talalaev,Home,True
3890039,124,4,2,Giovanni van Bronckhorst,2578,0,9,Callum Davidson,Home,True
3890048,1519,0,11,Jack Ross,465,3,6,Stephen Robinson,Home,False
3890053,370,5,4,Jim Goodwin,1241,0,7,David Martindale,Home,True
3899237,379,3,,David Moyes,1063,1,,Jacob Friis,Home,True
3902060,10690,3,1,Patrick van Leeuwen,2740,1,16,Viktor Skrypnyk,Home,True
3909912,1186,0,,Nikolay Kovardaev,2410,2,,Vladimir Fedotov,Home,False
3839781,3911,1,14,Michel Der Zakarian,244,1,4,Igor Tudor,Home,False
3844597,368,1,12,Julen Lopetegui,366,1,17,Pacheta,Home,False
3860184,449,0,6,Abdullah Avci,141,0,5,Okan Buruk,Home,False
3837848,631,2,6,Thomas Tuchel,1003,1,20,Brendan Rodgers,Home,True
3851208,968,0,12,Jonas De Roeck,1245,1,14,Bernd Storck,Home,False
3890040,465,1,8,Stephen Robinson,2759,0,12,Malky Mackay,Home,True
3839821,1041,4,5,Peter Bosz,1095,1,20,Bruno Irles,Home,True
3825466,24,0,,Oliver Glasner,418,2,,Carlo Ancelotti,Away,False
3828431,865,3,8,Henrik Jensen,369,3,10,Freyr Alexandersson,Away,False
3828437,369,0,10,Freyr Alexandersson,678,1,3,Uwe Rösler,Away,False
3828449,678,1,4,Uwe Rösler,2414,2,6,Jens Berthel Askou,Away,False
3837216,133,0,12,Henk de Jong,200,0,9,Henk Fraser,Away,False
3837815,31,2,10,Jürgen Klopp,931,2,9,Marco Silva,Away,False
3837821,631,1,8,Thomas Tuchel,29,0,15,Frank Lampard,Away,True
3837840,31,1,16,Jürgen Klopp,985,2,14,Erik ten Hag,Away,False
3837847,399,0,5,Jesse Marsch,1237,1,4,Graham Potter,Away,False
3837855,405,1,19,Steven Gerrard,11,2,1,Mikel Arteta,Away,False
3839054,3,2,3,Steffen Baumgart,23826,2,12,Domenico Tedesco,Away,False
3839779,667,1,15,Julien Stéphan,417,1,12,Lucien Favre,Away,False
3839820,290,2,10,Jean-Marc Furlan,969,1,13,Olivier Dall'Oglio,Away,True
3844088,237,0,13,Javier Aguirre,621,0,11,Ernesto Valverde,Away,False
3844095,13,3,1,Diego Simeone,3709,0,20,Quique Sánchez Flores,Away,True
3844599,150,2,3,Manuel Pellegrini,237,1,14,Javier Aguirre,Away,True
3844736,2239,2,10,Massimiliano Alvini,430,3,4,Vincenzo Italiano,Away,False
3844739,1025,1,11,Siniša Mihajlović,398,2,6,Maurizio Sarri,Away,False
3844743,12,1,9,José Mourinho,380,0,15,Davide Nicola,Away,True
3844748,430,0,8,Vincenzo Italiano,749,0,15,Paolo Zanetti,Away,False
3844770,3522,0,12,Luca Gotti,506,2,20,Massimiliano Allegri,Away,False
3845640,932,0,14,Josef Zinnbauer,16704,3,8,Aleksandr Storozhuk,Away,False
3851130,520,1,14,Dominik Thalhammer,1184,2,2,Wouter Vrancken,Away,False
3860186,24245,0,17,Recep Ucar,3840,1,3,Vincenzo Montella,Away,False
3860199,114,3,4,Valérien Ismaël,11282,3,3,Francesco Farioli,Away,False
3860201,11688,1,8,Hakan Keles,141,0,9,Okan Buruk,Away,True
3869048,3329,0,16,Rui Pedro Silva,1465,2,3,Nélson Veríssimo,Away,False
3885847,1050,0,4,Unai Emery,3709,0,18,Quique Sánchez Flores,Away,False
3887486,350,0,,Paul Heckingbottom,984,1,,Steve Bruce,Away,False
3889526,1186,0,16,Nikolay Kovardaev,964,2,1,Sergey Semak,Away,False
3889528,3719,1,11,Nikolay Pisarev,41231,4,7,Vadim Garanin,Away,False
3889532,964,4,1,Sergey Semak,11127,0,16,Viktor Goncharenko,Away,True
3889807,1519,0,,Jack Ross,1090,7,,Pascal Jansen,Away,False
3890030,1241,1,7,David Martindale,1519,0,9,Jack Ross,Away,True
3901608,1096,1,,Mark van Bommel,6890,1,,Emre Belözoglu,Away,False
3901642,1090,2,,Pascal Jansen,2424,1,,Ivo Vieira,Away,True
3837237,724,1,15,Wim Jonk,383,7,1,Ruud van Nistelrooy,Away,False
3837853,762,1,7,Eddie Howe,543,1,19,Bruno Lage,Away,False
3839027,44,1,15,Sandro Schwarz,89,3,3,Urs Fischer,Away,False
3845646,2696,1,11,Igor Osinjkin,932,1,13,Josef Zinnbauer,Away,False
3869055,2425,0,16,Luís Freire,336,3,6,Rúben Amorim,Away,False
3869066,336,0,10,Rúben Amorim,720,3,1,Sérgio Conceição,Away,False
3898922,294,2,,Roger Schmidt,338,0,,Mircea Lucescu,Away,True
3836754,724,2,10,Wim Jonk,202,2,7,Frank Wormuth,Away,False
3837220,385,0,16,Sjors Ultee,317,3,4,Ron Jans,Away,False
3839816,826,4,3,Franck Haise,162,1,11,Philippe Clement,Away,True
3839819,583,7,1,Christophe Galtier,1082,1,12,Paulo Fonseca,Away,True
3844772,2919,0,19,Giovanni Stroppa,12,3,2,José Mourinho,Away,False
3845637,232,2,1,Guillermo Abascal,11127,0,16,Igor Shalimov,Away,True
3851071,968,1,13,Jonas De Roeck,157,2,6,Hein Vanhaezebrouck,Away,False
3860276,2293,4,10,Ilhan Palut,924,0,19,Osman Zeki Korkmaz,Away,True
3869057,1075,3,5,Artur Jorge,3329,0,18,Rui Pedro Silva,Away,True
3869107,1465,3,5,Nélson Veríssimo,2995,0,17,César Peixoto,Away,True
3888990,2671,0,12,Athanasios Staikos,683,2,4,Carlos Corberán,Away,False
3889521,49702,1,13,Mikhail Galaktionov,11127,0,15,Viktor Goncharenko,Away,True
3898927,338,0,,Mircea Lucescu,294,3,,Roger Schmidt,Away,False
3837849,989,0,17,Scott Parker,31,9,9,Jürgen Klopp,Away,False
3889535,2410,0,3,Vladimir Fedotov,1083,0,6,Valeriy Karpin,Away,False
3851065,3508,1,7,Mbaye Leye,2282,1,8,Carl Hoefkens,Away,False
3902066,49364,1,11,Sergiy Lavrynenko,83678,1,6,Oleg Ratiy,Away,False
3828432,206,1,9,Niels Frederiksen,190,4,5,Jess Thorup,Away,False
3836753,200,2,9,Henk Fraser,235,2,8,Joseph Oosting,Away,False
3837238,798,0,6,Marinus Dijkhuizen,317,4,2,Ron Jans,Away,False
3837860,1148,1,11,Thomas Frank,873,1,13,Patrick Vieira,Away,False
3839028,33,1,14,Frank Kramer,3,3,4,Steffen Baumgart,Away,False
3839057,80,2,17,Thomas Reis,533,3,8,André Breitenreiter,Away,False
3839084,33,0,13,Frank Kramer,82,0,14,Niko Kovac,Away,False
3839100,15,3,13,Gerardo Seoane,39,0,7,Bo Svensson,Away,True
3839823,1421,1,19,Óscar García,667,1,14,Julien Stéphan,Away,False
3839842,3524,1,9,Pascal Gastien,1158,2,4,Régis Le Bris,Away,False
3839847,969,7,8,Olivier Dall'Oglio,3911,0,14,Michel Der Zakarian,Away,True
3839865,417,2,15,Lucien Favre,1082,1,8,Paulo Fonseca,Away,True
3844757,6195,0,5,Luciano Spalletti,430,0,8,Vincenzo Italiano,Away,False
3845639,964,0,4,Sergey Semak,3725,0,9,Andrey Talalaev,Away,False
3845645,11127,0,16,Evgeni Averyanov,1124,0,12,Oleg Vasilenko,Away,False
3851070,520,0,15,Dominik Thalhammer,3057,2,9,Ronny Deila,Away,False
3851080,1096,1,1,Mark van Bommel,1245,0,16,Bernd Storck,Away,True
3851133,172,3,6,Edward Still,3508,1,16,Mbaye Leye,Away,True
3860204,2381,0,14,Riza Calimbay,3840,3,1,Vincenzo Montella,Away,False
3869061,2424,0,11,Ivo Vieira,8024,1,12,Armando Evangelista,Away,False
3888999,3060,1,7,Chris Coleman,1091,2,2,Razvan Lucescu,Away,False
3889524,41231,2,7,Vadim Garanin,1083,2,5,Valeriy Karpin,Away,False
3890034,371,3,1,Ange Postecoglou,2759,1,11,Malky Mackay,Away,True
3902055,26459,1,5,Yuriy Virt,6992,0,14,Roman Grygorchuk,Away,True
3837219,202,1,15,Frank Wormuth,610,6,1,Alfred Schreuder,Away,False
3837814,11,2,2,Mikel Arteta,873,0,19,Patrick Vieira,Away,True
3839099,79,0,12,Pellegrino Matarazzo,3,0,8,Steffen Baumgart,Away,False
3844090,1531,0,19,Francisco Rodríguez,150,3,2,Manuel Pellegrini,Away,False
3844761,749,1,13,Paolo Zanetti,1005,1,16,Marco Baroni,Away,False
3844769,2239,1,18,Massimiliano Alvini,46,3,3,Simone Inzaghi,Away,False
3851129,475,1,12,Bernd Hollerbach,2861,0,11,Yves Vanderhaeghe,Away,True
3865513,4171,2,,Fabio Caserta,252,3,,Alexander Blessin,Away,False
3869064,2420,1,5,Moreno,7378,2,4,Paulo Sérgio,Away,False
3887497,383,1,,Ruud van Nistelrooy,162,1,,Philippe Clement,Away,False
3889530,232,4,2,Guillermo Abascal,1124,1,14,Oleg Vasilenko,Away,True
3890035,987,3,4,Stevie Hammell,370,2,7,Jim Goodwin,Away,True
3909910,121,0,,Slavisa Jokanovic,1083,2,,Valeriy Karpin,Away,False
3837214,383,5,2,Ruud van Nistelrooy,1435,2,18,René Hake,Away,True
3837232,200,2,12,Henk Fraser,1283,3,10,Dick Lukkien,Away,False
3837827,989,0,11,Scott Parker,281,4,1,Pep Guardiola,Away,False
3837833,1003,2,15,Brendan Rodgers,11,4,2,Mikel Arteta,Away,False
3837842,543,0,18,Bruno Lage,148,1,4,Antonio Conte,Away,False
3837862,762,1,12,Eddie Howe,31,2,6,Jürgen Klopp,Away,False
3839730,290,1,18,Jean-Marc Furlan,1082,4,2,Paulo Fonseca,Away,False
3844091,714,2,8,Diego Martínez,940,2,9,Eduardo Coudet,Away,False
3844755,380,0,12,Davide Nicola,410,0,13,Andrea Sottil,Away,False
3844775,430,0,10,Vincenzo Italiano,410,1,7,Andrea Sottil,Away,False
3851077,172,1,8,Edward Still,2715,0,18,José Jeunechamps,Away,True
3851201,1184,4,2,Wouter Vrancken,2715,0,18,José Jeunechamps,Away,True
3860203,868,0,13,Mustafa Dalci,2832,1,7,Erol Bulut,Away,False
3869115,1075,6,2,Artur Jorge,8024,0,10,Armando Evangelista,Away,True
3885842,940,1,12,Eduardo Coudet,12321,0,13,Míchel,Away,True
3888992,6418,0,10,Giannis Anastasiou,1091,1,6,Razvan Lucescu,Away,False
3902069,3592,0,14,Yuriy Vernydub,660,1,7,Igor Jovicevic,Away,False
3839841,667,0,16,Julien Stéphan,290,1,7,Jean-Marc Furlan,Away,False
3851079,58,3,2,Felice Mazzù,475,0,17,Bernd Hollerbach,Away,True
3854847,2293,0,11,Ilhan Palut,868,0,12,Mustafa Dalci,Away,False
3869046,2503,1,6,Petit,7378,0,12,Paulo Sérgio,Away,True
3837831,985,0,20,Erik ten Hag,1148,4,3,Thomas Frank,Away,False
3828450,190,1,8,Jess Thorup,2778,3,1,Flemming Pedersen,Away,False
3837816,180,1,20,Ralph Hasenhüttl,148,4,1,Antonio Conte,Away,False
3837829,148,2,4,Antonio Conte,631,2,7,Thomas Tuchel,Away,False
3839096,18,1,6,Daniel Farke,27,1,1,Julian Nagelsmann,Away,False
3839729,583,5,1,Christophe Galtier,3524,0,20,Pascal Gastien,Away,True
3839868,3524,0,12,Pascal Gastien,244,1,3,Igor Tudor,Away,False
3839871,3911,1,17,Michel Der Zakarian,273,3,7,Bruno Génésio,Away,False
3844598,131,4,5,Xavi,681,1,11,Imanol Alguacil,Away,True
3844768,276,1,15,Gabriele Cioffi,749,1,13,Paolo Zanetti,Away,False
3845647,2410,1,4,Vladimir Fedotov,964,2,2,Sergey Semak,Away,False
3845648,16704,0,7,Aleksandr Storozhuk,121,0,5,Slavisa Jokanovic,Away,False
3851135,968,4,10,Jonas De Roeck,354,5,8,Danny Buijs,Away,False
3858515,22110,4,,Morten Eskesen,1894,2,,Per Frandsen,Away,True
3860181,924,1,15,Osman Zeki Korkmaz,11282,0,11,Francesco Farioli,Away,True
3860275,3205,0,15,Cagdas Atan,6890,2,2,Emre Belözoglu,Away,False
3869054,720,1,1,Sérgio Conceição,6912,0,10,Álvaro Pacheco,Away,True
3869067,1301,0,18,Vasco Seabra,1075,5,3,Artur Jorge,Away,False
3890029,465,1,12,Stephen Robinson,370,4,5,Jim Goodwin,Away,False
3890037,371,5,1,Ange Postecoglou,2553,0,11,Derek McInnes,Away,True
3890055,2578,2,10,Callum Davidson,43,3,3,Robbie Neilson,Away,False
3898907,449,1,,Abdullah Avci,190,2,,Jess Thorup,Away,False
3902064,61825,1,13,Volodymyr Sharan,18303,2,5,Yuriy Gura,Away,False
3906304,369,0,,Freyr Alexandersson,22110,2,,Morten Eskesen,Away,False
3837822,1237,2,7,Graham Potter,985,1,14,Erik ten Hag,Away,True
3839103,89,6,2,Urs Fischer,33,1,16,Frank Kramer,Away,True
3854845,3205,0,19,Cagdas Atan,114,1,5,Valérien Ismaël,Away,False
3889533,14589,1,13,Marcel Licka,932,5,8,Josef Zinnbauer,Away,False
3890050,1241,0,7,David Martindale,987,1,3,Stevie Hammell,Away,False
3828444,1063,0,6,Jacob Friis,5724,1,4,Thomas Thomasberg,Away,False
3836749,468,0,12,Maurice Steijn,306,0,11,Kees van Wonderen,Away,False
3837221,1090,3,5,Pascal Jansen,468,2,11,Maurice Steijn,Away,True
3837391,610,2,2,Alfred Schreuder,200,0,15,Henk Fraser,Away,True
3837393,317,0,5,Ron Jans,724,1,13,Wim Jonk,Away,False
3837820,405,0,17,Steven Gerrard,989,2,3,Scott Parker,Away,False
3837836,703,1,10,Steve Cooper,29,1,17,Frank Lampard,Away,False
3839030,86,2,8,Ole Werner,82,2,9,Niko Kovac,Away,False
3839083,3,1,8,Steffen Baumgart,24,1,15,Oliver Glasner,Away,False
3839735,162,2,6,Philippe Clement,667,1,15,Julien Stéphan,Away,True
3839844,244,3,2,Igor Tudor,417,0,18,Lucien Favre,Away,True
3844093,368,1,14,Julen Lopetegui,331,2,5,Jagoba Arrasate,Away,False
3844600,3709,1,20,Quique Sánchez Flores,12321,3,9,Míchel,Away,False
3844737,6195,5,1,Luciano Spalletti,276,2,18,Gabriele Cioffi,Away,True
3844764,1038,0,17,Marco Giampaolo,380,4,9,Davide Nicola,Away,False
3844774,5,0,5,Stefano Pioli,6574,0,11,Alessio Dionisi,Away,False
3851206,3057,1,11,Ronny Deila,601,0,17,Karim Belhocine,Away,True
3869049,336,3,9,Rúben Amorim,1075,3,8,Artur Jorge,Away,False
3869060,294,1,2,Roger Schmidt,3268,0,14,Filipe Martins,Away,True
3885849,418,3,1,Carlo Ancelotti,714,1,16,Diego Martínez,Away,True
3887500,162,2,,Philippe Clement,383,3,,Ruud van Nistelrooy,Away,False
3901643,379,3,,David Moyes,1063,0,,Jacob Friis,Away,True
3909907,2696,0,,Igor Osinjkin,232,1,,Guillermo Abascal,Away,False
3828438,5724,3,4,Thomas Thomasberg,190,1,8,Jess Thorup,Away,True
3828453,369,1,12,Freyr Alexandersson,1063,2,5,Jacob Friis,Away,False
3837835,405,1,13,Steven Gerrard,873,3,9,Patrick Vieira,Away,False
3837857,29,1,17,Frank Lampard,399,1,7,Jesse Marsch,Away,False
3844593,1049,0,10,Gennaro Gattuso,621,1,7,Ernesto Valverde,Away,False
3844773,398,1,6,Maurizio Sarri,1038,1,17,Marco Giampaolo,Away,False
3869053,1465,0,8,Nélson Veríssimo,2420,1,4,Moreno,Away,False
3869058,2423,1,13,Mário Silva,2503,2,3,Petit,Away,False
3888997,265,2,1,Ivan Jovanovic,653,0,14,Nikolaos Nioplias,Away,True
3890031,43,1,3,Robbie Neilson,903,1,4,Lee Johnson,Away,False
3898908,190,0,,Jess Thorup,449,0,,Abdullah Avci,Away,False
3828440,865,3,7,Henrik Jensen,2414,3,6,Jens Berthel Askou,Away,False
3837230,306,4,7,Kees van Wonderen,499,0,18,Thomas Letsch,Away,True
3837851,148,2,3,Antonio Conte,703,0,14,Steve Cooper,Away,True
3839056,89,0,5,Urs Fischer,39,0,6,Bo Svensson,Away,False
3839731,1095,2,13,Bruno Irles,969,3,5,Olivier Dall'Oglio,Away,False
3839737,417,1,10,Lucien Favre,415,1,9,Philippe Montanier,Away,False
3839863,1095,4,11,Bruno Irles,162,2,16,Philippe Clement,Away,True
3844602,3302,1,13,Rubi,1531,1,18,Francisco Rodríguez,Away,False
3844750,2919,0,19,Giovanni Stroppa,6195,4,1,Luciano Spalletti,Away,False
3851072,2715,1,18,José Jeunechamps,58,3,2,Felice Mazzù,Away,False
3851134,2727,3,7,Marc Brys,3057,1,15,Ronny Deila,Away,True
3869108,2424,2,12,Ivo Vieira,6912,2,11,Álvaro Pacheco,Away,False
3869112,7378,1,4,Paulo Sérgio,1301,0,18,Vasco Seabra,Away,True
3890036,1519,1,10,Jack Ross,43,4,3,Robbie Neilson,Away,False
3890049,124,2,2,Giovanni van Bronckhorst,903,2,8,Lee Johnson,Away,False
3890058,903,0,8,Lee Johnson,465,1,6,Stephen Robinson,Away,False
3901609,2424,0,,Ivo Vieira,1090,4,,Pascal Jansen,Away,False
3902062,6992,0,12,Roman Grygorchuk,55686,0,10,Valeriy Kryventsov,Away,False
3837387,468,1,11,Maurice Steijn,1435,0,17,René Hake,Away,True
3837825,399,2,6,Jesse Marsch,180,2,17,Ralph Hasenhüttl,Away,False
3839817,3911,3,8,Michel Der Zakarian,1420,1,17,Gérald Baticle,Away,True
3851081,2282,3,5,Carl Hoefkens,2727,0,9,Marc Brys,Away,True
3888991,553,0,9,Dimitrios Spanos,265,1,5,Ivan Jovanovic,Away,False
3828447,2414,0,7,Jens Berthel Askou,173,1,11,Andreas Alm,Away,False
3836755,234,5,1,Arne Slot,499,2,17,Thomas Letsch,Away,True
3837233,133,4,9,Henk de Jong,385,1,17,Sjors Ultee,Away,True
3837390,385,1,18,Dominik Vergoossen,306,2,6,Kees van Wonderen,Away,False
3837832,29,1,18,Frank Lampard,405,2,9,Steven Gerrard,Away,False
3837834,11,3,1,Mikel Arteta,989,0,15,Scott Parker,Away,True
3837843,1237,2,5,Graham Potter,379,0,20,David Moyes,Away,True
3837856,1237,1,4,Graham Potter,931,2,8,Marco Silva,Away,False
3839033,23826,1,10,Domenico Tedesco,79,1,11,Pellegrino Matarazzo,Away,False
3839058,24,1,16,Oliver Glasner,44,1,14,Sandro Schwarz,Away,False
3839104,24,4,11,Oliver Glasner,86,3,10,Ole Werner,Away,True
3839782,3524,4,10,Pascal Gastien,1421,2,20,Óscar García,Away,True
3839825,1158,2,4,Régis Le Bris,415,2,7,Philippe Montanier,Away,False
3839843,415,1,10,Philippe Montanier,995,3,11,Antoine Kombouaré,Away,False
3839849,1420,1,17,Gérald Baticle,1095,3,15,Bruno Irles,Away,False
3839866,1147,0,20,Olivier Pantaloni,969,2,6,Olivier Dall'Oglio,Away,False
3844092,681,1,7,Imanol Alguacil,2687,0,16,Sergio,Away,True
3844746,5,1,4,Stefano Pioli,800,1,5,Gian Piero Gasperini,Away,False
3844749,3522,0,9,Luca Gotti,46,3,2,Simone Inzaghi,Away,False
3844771,1005,1,16,Marco Baroni,6195,1,4,Luciano Spalletti,Away,False
3851068,2861,3,5,Yves Vanderhaeghe,172,1,14,Edward Still,Away,True
3851131,3948,2,9,Karel Geraerts,1096,4,1,Mark van Bommel,Away,False
3851202,3508,1,16,Mbaye Leye,520,1,15,Dominik Thalhammer,Away,False
3860187,7775,0,19,Serkan Özbalta,10484,1,14,Senol Can,Away,False
3860205,36,6,5,Jorge Jesus,10484,0,18,Sami Ugurlu,Away,True
3860272,141,1,8,Okan Buruk,24245,0,14,Recep Ucar,Away,True
3860274,11282,1,11,Francesco Farioli,2381,1,12,Riza Calimbay,Away,False
3865511,130,2,,Fabio Pecchia,380,0,,Davide Nicola,Away,True
3869062,2503,0,6,Petit,3268,2,9,Filipe Martins,Away,False
3887503,294,3,,Roger Schmidt,865,1,,Henrik Jensen,Away,True
3889531,2696,2,9,Igor Osinjkin,3725,1,10,Andrey Talalaev,Away,True
3890052,370,1,5,Jim Goodwin,2578,0,10,Callum Davidson,Away,True
3898923,383,2,,Ruud van Nistelrooy,124,2,,Giovanni van Bronckhorst,Away,False
3837213,499,1,17,Thomas Letsch,798,3,3,Marinus Dijkhuizen,Away,False
3837234,610,1,3,Alfred Schreuder,468,0,14,Maurice Steijn,Away,True
3839082,44,0,16,Sandro Schwarz,18,1,2,Daniel Farke,Away,False
3839101,167,0,14,Enrico Maaßen,533,1,4,André Breitenreiter,Away,False
3839870,995,1,10,Antoine Kombouaré,667,1,18,Julien Stéphan,Away,False
3844763,410,2,10,Andrea Sottil,2919,1,19,Giovanni Stroppa,Away,True
3889522,932,3,12,Josef Zinnbauer,3719,0,9,Nikolay Pisarev,Away,True
3837861,631,1,10,Thomas Tuchel,180,2,9,Ralph Hasenhüttl,Away,False
3844601,2687,0,19,Sergio,331,2,4,Jagoba Arrasate,Away,False
3844753,1005,0,18,Marco Baroni,6574,1,10,Alessio Dionisi,Away,False
3851067,475,0,17,Bernd Hollerbach,601,0,10,Karim Belhocine,Away,False
3851075,3057,2,13,Ronny Deila,968,4,7,Jonas De Roeck,Away,False
3860200,589,1,10,Nuri Sahin,24245,0,12,Recep Ucar,Away,True
3869069,2425,2,15,Luís Freire,1465,2,8,Nélson Veríssimo,Away,False
3885848,366,0,19,Pacheta,131,4,3,Xavi,Away,False
3887502,3948,0,,Karel Geraerts,124,3,,Giovanni van Bronckhorst,Away,False
3888994,60949,1,4,Konstantinos Bratsos,2441,0,5,Matías Almeyda,Away,True
3889527,14589,0,11,Marcel Licka,16704,2,6,Aleksandr Storozhuk,Away,False
3890051,2553,0,12,Derek McInnes,2759,1,9,Malky Mackay,Away,False
3828433,678,2,3,Uwe Rösler,173,1,12,Andreas Alm,Away,True
3828452,173,2,9,Andreas Alm,1177,1,3,Kent Nielsen,Away,True
3836750,610,3,5,Alfred Schreuder,385,2,13,Sjors Ultee,Away,True
3837236,234,1,4,Arne Slot,235,0,13,Joseph Oosting,Away,True
3837823,281,2,5,Pep Guardiola,379,0,16,David Moyes,Away,True
3837824,931,0,13,Marco Silva,543,0,14,Bruno Lage,Away,False
3837837,1148,2,8,Thomas Frank,931,3,7,Marco Silva,Away,False
3837852,985,1,8,Erik ten Hag,180,0,13,Ralph Hasenhüttl,Away,True
3837859,148,1,3,Antonio Conte,379,1,14,David Moyes,Away,False
3839029,533,1,16,André Breitenreiter,18,3,5,Daniel Farke,Away,False
3839032,60,4,2,Christian Streich,167,0,17,Enrico Maaßen,Away,True
3839085,27,7,1,Julian Nagelsmann,80,0,18,Thomas Reis,Away,True
3839775,1420,2,11,Gérald Baticle,290,2,18,Jean-Marc Furlan,Away,False
3839846,273,1,13,Bruno Génésio,826,2,3,Franck Haise,Away,False
3839848,1041,1,5,Peter Bosz,1421,1,19,Óscar García,Away,False
3839869,1158,2,5,Régis Le Bris,826,5,2,Franck Haise,Away,False
3844751,2239,0,17,Massimiliano Alvini,12,1,3,José Mourinho,Away,False
3844762,1025,0,14,Siniša Mihajlović,5,2,1,Stefano Pioli,Away,False
3845642,121,2,5,Slavisa Jokanovic,2696,0,10,Igor Osinjkin,Away,True
3851066,1245,2,16,Bernd Storck,1184,4,3,Wouter Vrancken,Away,False
3854843,141,1,6,Okan Buruk,589,0,15,Nuri Sahin,Away,True
3854849,449,2,3,Abdullah Avci,924,0,17,Osman Zeki Korkmaz,Away,True
3860182,868,1,18,Mustafa Dalci,6646,4,13,Andrea Pirlo,Away,False
3860277,3840,2,6,Vincenzo Montella,36,4,1,Jorge Jesus,Away,False
3869044,6912,1,7,Álvaro Pacheco,2425,0,13,Luís Freire,Away,True
3869047,2995,0,15,César Peixoto,2424,1,5,Ivo Vieira,Away,False
3869068,6912,1,12,Álvaro Pacheco,3325,1,11,Vítor Campelos,Away,False
3887498,865,1,,Henrik Jensen,294,4,,Roger Schmidt,Away,False
3888989,6676,3,7,Iraklis Metaxas,60949,3,8,Oswald Tanchot,Away,False
3889000,3999,1,12,Gianluca Festa,2671,1,11,Athanasios Staikos,Away,False
3889534,16704,4,4,Aleksandr Storozhuk,1186,1,15,Nikolay Kovardaev,Away,True
3890033,2553,0,10,Derek McInnes,124,2,2,Giovanni van Bronckhorst,Away,False
3901639,430,0,,Vincenzo Italiano,317,0,,Ron Jans,Away,False
3902067,10690,3,1,Patrick van Leeuwen,18105,2,8,Oleg Dulub,Away,True
3902068,60551,3,4,Oleksandr Kucher,338,0,9,Mircea Lucescu,Away,True
3909905,16704,2,,Aleksandr Storozhuk,3719,0,,Nikolay Pisarev,Away,True
3839824,1147,1,18,Olivier Pantaloni,273,2,9,Bruno Génésio,Away,False
3839872,583,3,1,Christophe Galtier,415,0,13,Philippe Montanier,Away,True
3844742,416,2,7,Ivan Juric,2919,1,12,Giovanni Stroppa,Away,True
3845649,3725,3,8,Andrey Talalaev,3719,1,9,Nikolay Pisarev,Away,True
3869065,8024,2,7,Armando Evangelista,2423,1,14,Mário Silva,Away,True
3869110,3325,2,6,Vítor Campelos,336,0,13,Rúben Amorim,Away,True
3890057,2759,0,11,Malky Mackay,124,4,2,Giovanni van Bronckhorst,Away,False
3898928,124,1,,Giovanni van Bronckhorst,383,0,,Ruud van Nistelrooy,Away,True
3828442,206,1,9,Niels Frederiksen,1053,2,10,Lars Friis,Away,False
3828445,678,2,2,Uwe Rösler,865,0,8,Henrik Jensen,Away,True
3837215,235,1,8,Joseph Oosting,1283,1,14,Dick Lukkien,Away,False
3837394,1090,1,4,Pascal Jansen,133,0,10,Henk de Jong,Away,True
3837819,543,1,13,Bruno Lage,399,2,6,Jesse Marsch,Away,False
3839031,39,2,6,Bo Svensson,80,1,12,Thomas Reis,Away,True
3839098,80,0,18,Thomas Reis,60,1,3,Christian Streich,Away,False
3839736,1158,1,8,Régis Le Bris,273,0,17,Bruno Génésio,Away,True
3839774,826,0,7,Franck Haise,1147,0,16,Olivier Pantaloni,Away,False
3844595,418,4,2,Carlo Ancelotti,940,1,16,Eduardo Coudet,Away,True
3844744,800,2,3,Gian Piero Gasperini,1038,0,17,Marco Giampaolo,Away,True
3844752,506,0,20,Massimiliano Allegri,1038,0,16,Marco Giampaolo,Away,False
3844758,800,1,3,Gian Piero Gasperini,276,0,15,Gabriele Cioffi,Away,True
3845644,49702,1,13,Mikhail Galaktionov,41231,2,3,Vadim Garanin,Away,False
3851207,58,1,7,Felice Mazzù,3948,2,6,Karel Geraerts,Away,False
3869051,2420,1,4,Moreno,3325,0,14,Vítor Campelos,Away,True
3885850,621,4,5,Ernesto Valverde,2687,0,20,Sergio,Away,True
3888993,2441,3,1,Matías Almeyda,3999,0,14,Gianluca Festa,Away,True
3888998,605,1,6,Germán Burgos,6418,3,8,Giannis Anastasiou,Away,False
3901612,317,1,,Ron Jans,430,2,,Vincenzo Italiano,Away,False
3903139,989,7,,Scott Parker,1123,5,,Dean Smith,Away,True
3851073,2727,2,4,Marc Brys,1096,4,1,Mark van Bommel,Away,False
3860279,2832,2,4,Erol Bulut,7775,1,16,Serkan Özbalta,Away,True
3828436,173,0,12,Andreas Alm,206,2,9,Niels Frederiksen,Away,False
3837386,202,1,9,Frank Wormuth,467,1,8,Rogier Meijer,Away,False
3837826,379,0,19,David Moyes,703,1,10,Steve Cooper,Away,False
3837863,703,0,15,Steve Cooper,281,6,2,Pep Guardiola,Away,False
3839025,27,6,1,Julian Nagelsmann,24,1,18,Oliver Glasner,Away,True
3839053,167,2,9,Enrico Maaßen,15,1,18,Gerardo Seoane,Away,True
3839778,1082,1,3,Paulo Fonseca,995,1,13,Antoine Kombouaré,Away,False
3844754,398,0,6,Maurizio Sarri,416,0,7,Ivan Juric,Away,False
3844765,6574,2,12,Alessio Dionisi,3522,2,11,Luca Gotti,Away,False
3845651,1186,0,15,Aleksandr Borodyuk,14589,1,10,Marcel Licka,Away,False
3851069,3948,0,11,Karel Geraerts,354,3,12,Danny Buijs,Away,False
3851074,157,3,4,Hein Vanhaezebrouck,2861,1,10,Yves Vanderhaeghe,Away,True
3851132,601,1,13,Karim Belhocine,2282,2,4,Carl Hoefkens,Away,False
3854846,2832,1,9,Erol Bulut,2381,1,10,Riza Calimbay,Away,False
3854848,10484,0,18,Sami Ugurlu,6890,4,1,Emre Belözoglu,Away,False
3860185,589,2,9,Nuri Sahin,2832,5,2,Erol Bulut,Away,False
3860188,36,0,7,Jorge Jesus,2293,1,4,Ilhan Palut,Away,False
3860273,6646,1,17,Andrea Pirlo,114,4,3,Valérien Ismaël,Away,False
3865509,2722,2,,Roberto Venturato,749,1,,Paolo Zanetti,Away,True
3865512,8970,2,,Fabio Grosso,2919,3,,Giovanni Stroppa,Away,False
3869113,294,3,1,Roger Schmidt,2503,0,9,Petit,Away,True
3885843,331,0,7,Jagoba Arrasate,150,1,2,Manuel Pellegrini,Away,False
3887494,124,0,,Giovanni van Bronckhorst,3948,2,,Karel Geraerts,Away,False
3890032,2578,2,8,Callum Davidson,987,1,6,Stevie Hammell,Away,True
3890038,903,1,6,Lee Johnson,1241,2,5,David Martindale,Away,False
3890047,43,0,4,Robbie Neilson,371,2,1,Ange Postecoglou,Away,False
3890054,371,9,1,Ange Postecoglou,1519,0,12,Jack Ross,Away,True
3902058,83678,2,3,Oleg Ratiy,48726,1,11,Leonid Kuchuk,Away,True
3909964,18303,2,5,Yuriy Gura,49364,1,15,Sergiy Lavrynenko,Away,True
3844094,418,2,4,Carlo Ancelotti,3302,1,15,Rubi,Away,True
3890899,458,0,,Stefano Di Benedetto,416,3,,Ivan Juric,Away,False
3902056,3592,0,13,Yuriy Vernydub,48332,1,6,Yaroslav Vyshnyak,Away,False
3828430,1063,0,7,Jacob Friis,2778,1,1,Flemming Pedersen,Away,False
3828435,2414,0,4,Jens Berthel Askou,5724,1,6,Thomas Thomasberg,Away,False
3828439,2778,0,1,Flemming Pedersen,1053,0,11,Lars Friis,Away,False
3828441,1177,0,2,Kent Nielsen,1063,2,5,Jacob Friis,Away,False
3828448,865,2,7,Albert Capellas,206,0,10,Niels Frederiksen,Away,True
3837218,467,4,7,Rogier Meijer,724,1,13,Wim Jonk,Away,True
3837388,235,2,14,Joseph Oosting,499,2,16,Thomas Letsch,Away,False
3837392,383,6,1,Ruud van Nistelrooy,798,1,7,Marinus Dijkhuizen,Away,True
3837830,762,0,5,Eddie Howe,1237,0,8,Graham Potter,Away,False
3837845,379,1,16,David Moyes,405,0,15,Steven Gerrard,Away,True
3837854,543,0,18,Bruno Lage,989,0,16,Gary O'Neil,Away,False
3839026,15,0,13,Gerardo Seoane,16,1,7,Edin Terzic,Away,False
3839052,82,0,15,Niko Kovac,27,2,1,Julian Nagelsmann,Away,False
3839080,533,3,6,André Breitenreiter,15,0,17,Gerardo Seoane,Away,True
3839097,82,0,15,Niko Kovac,23826,2,9,Domenico Tedesco,Away,False
3839102,16,1,5,Edin Terzic,44,0,17,Sandro Schwarz,Away,True
3839733,1421,1,19,Óscar García,244,4,3,Igor Tudor,Away,False
3839845,162,1,12,Philippe Clement,583,1,1,Christophe Galtier,Away,False
3844089,367,0,10,Andoni Iraola,131,0,12,Xavi,Away,False
3844747,276,1,14,Gabriele Cioffi,1025,1,11,Siniša Mihajlović,Away,False
3845652,41231,0,6,Vadim Garanin,232,3,1,Guillermo Abascal,Away,False
3851078,601,1,12,Karim Belhocine,3948,2,6,Karel Geraerts,Away,False
3851200,2282,3,3,Carl Hoefkens,172,1,8,Edward Still,Away,True
3851204,354,1,10,Danny Buijs,475,3,9,Bernd Hollerbach,Away,False
3854851,3840,3,4,Vincenzo Montella,11688,2,14,Hakan Keles,Away,True
3860206,6890,0,6,Emre Belözoglu,2293,0,11,Ilhan Palut,Away,False
3860207,924,0,19,Osman Zeki Korkmaz,3205,1,15,Cagdas Atan,Away,False
3869056,3325,2,9,Vítor Campelos,1301,1,17,Vasco Seabra,Away,True
3885845,237,2,9,Javier Aguirre,367,0,11,Andoni Iraola,Away,True
3888988,653,1,11,Nikolaos Nioplias,3060,3,3,Chris Coleman,Away,False
3889520,1124,1,14,Oleg Vasilenko,2696,1,10,Igor Osinjkin,Away,False
3889668,1090,0,,Pascal Jansen,1519,1,,Jack Ross,Away,False
3890056,987,1,5,Stevie Hammell,2553,2,9,Derek McInnes,Away,False
3901636,6890,3,,Emre Belözoglu,1096,1,,Mark van Bommel,Away,True
3902065,26459,2,3,Yuriy Virt,2740,1,15,Viktor Skrypnyk,Away,True
3909908,1124,0,,Oleg Vasilenko,964,2,,Sergey Semak,Away,False
3909911,41231,0,,Vadim Garanin,11127,2,,Viktor Goncharenko,Away,False
3828451,1053,0,11,Lars Friis,5724,1,2,Thomas Thomasberg,Away,False
3888996,2672,0,13,Giannis Taousianis,553,0,10,Dimitrios Spanos,Away,False
3902054,55686,0,10,Valeriy Kryventsov,660,0,9,Igor Jovicevic,Away,False
3828443,1177,2,1,Kent Nielsen,2778,0,3,Flemming Pedersen,Away,True
3837217,306,0,10,Kees van Wonderen,234,0,6,Arne Slot,Away,False
3837389,1283,0,12,Dick Lukkien,234,4,3,Arne Slot,Away,False
3837818,1148,2,12,Thomas Frank,1003,2,11,Brendan Rodgers,Away,False
3839060,79,2,11,Pellegrino Matarazzo,86,2,10,Ole Werner,Away,False
3839079,86,3,9,Ole Werner,16,2,7,Edin Terzic,Away,True
3839728,995,0,12,Antoine Kombouaré,1420,0,11,Gérald Baticle,Away,False
3839734,3911,2,14,Michel Der Zakarian,826,3,4,Franck Haise,Away,False
3839864,1421,4,14,Óscar García,1420,2,19,Gérald Baticle,Away,True
3844097,12321,0,17,Míchel,1049,1,6,Gennaro Gattuso,Away,False
3844594,1050,2,1,Unai Emery,13,0,8,Diego Simeone,Away,True
3844738,6574,0,19,Alessio Dionisi,506,3,20,Massimiliano Allegri,Away,False
3844741,410,2,16,Andrea Sottil,5,4,2,Stefano Pioli,Away,False
3844756,416,2,4,Ivan Juric,2239,1,18,Massimiliano Alvini,Away,True
3845638,1124,1,12,Oleg Vasilenko,2410,4,2,Vladimir Fedotov,Away,False
3845641,3719,3,7,Sergey Yuran,1186,1,15,Aleksandr Borodyuk,Away,True
3845650,1083,4,3,Valeriy Karpin,49702,3,14,Mikhail Galaktionov,Away,True
3851076,354,0,11,Danny Buijs,520,0,15,Dominik Thalhammer,Away,False
3851082,1184,4,3,Wouter Vrancken,3508,1,14,Mbaye Leye,Away,True
3851128,2715,3,17,José Jeunechamps,1245,1,18,Bernd Storck,Away,True
3851205,1096,2,1,Mark van Bommel,157,1,5,Hein Vanhaezebrouck,Away,True
3854844,11282,4,2,Francesco Farioli,6646,2,16,Andrea Pirlo,Away,True
3854850,24245,3,8,Recep Ucar,36,3,7,Jorge Jesus,Away,False
3860189,11688,0,10,Hakan Keles,3205,3,12,Cagdas Atan,Away,False
3869050,3268,0,10,Filipe Martins,2423,0,11,Mário Silva,Away,False
3869109,720,1,3,Sérgio Conceição,2425,3,14,Luís Freire,Away,False
3885846,368,1,15,Julen Lopetegui,3302,2,10,Rubi,Away,False
3909906,932,0,,Josef Zinnbauer,49702,2,,Mikhail Galaktionov,Away,False
3909909,14589,1,,Marcel Licka,3725,3,,Andrey Talalaev,Away,False
3888995,683,0,3,Carlos Corberán,6676,0,9,Iraklis Metaxas,Away,False
3902063,48726,0,16,Leonid Kuchuk,48332,2,2,Yaroslav Vyshnyak,Away,False
3828434,1053,1,11,Lars Friis,1177,3,2,Kent Nielsen,Away,False
3836751,798,2,3,Marinus Dijkhuizen,133,0,15,Henk de Jong,Away,True
3836752,1283,1,18,Dick Lukkien,383,4,2,Ruud van Nistelrooy,Away,False
3836757,1435,0,16,René Hake,1090,2,4,Pascal Jansen,Away,False
3837231,1435,0,16,René Hake,202,1,11,Frank Wormuth,Away,False
3837838,631,0,12,Thomas Tuchel,399,3,3,Jesse Marsch,Away,False
3837839,180,2,11,Ralph Hasenhüttl,1003,1,19,Brendan Rodgers,Away,True
3837841,281,3,2,Pep Guardiola,762,3,6,Eddie Howe,Away,False
3837844,931,1,11,Marco Silva,11,2,1,Mikel Arteta,Away,False
3837850,873,2,12,Patrick Vieira,281,4,2,Pep Guardiola,Away,False
3839055,16,3,2,Edin Terzic,60,1,7,Christian Streich,Away,True
3839059,18,2,4,Daniel Farke,33,2,13,Frank Kramer,Away,False
3839086,39,2,4,Bo Svensson,167,1,10,Enrico Maaßen,Away,True
3839732,1147,1,16,Olivier Pantaloni,1041,2,7,Peter Bosz,Away,False
3839776,273,1,17,Bruno Génésio,162,1,6,Philippe Clement,Away,False
3839783,415,3,5,Philippe Montanier,1095,0,19,Bruno Irles,Away,True
3839818,417,0,15,Lucien Favre,3524,1,6,Pascal Gastien,Away,False
3839822,995,1,16,Antoine Kombouaré,244,2,2,Igor Tudor,Away,False
3844096,1050,3,3,Unai Emery,366,0,18,Pacheta,Away,True
3844596,367,2,6,Andoni Iraola,714,0,15,Diego Martínez,Away,True
3844740,46,2,5,Simone Inzaghi,1005,1,13,Marco Baroni,Away,True
3844745,749,0,14,Paolo Zanetti,3522,1,8,Luca Gotti,Away,False
3844760,46,1,7,Simone Inzaghi,398,3,2,Maurizio Sarri,Away,False
3845643,14589,1,11,Marcel Licka,1083,2,6,Valeriy Karpin,Away,False
3851203,2861,1,13,Yves Vanderhaeghe,2727,2,4,Marc Brys,Away,False
3860183,2381,1,16,Riza Calimbay,114,3,1,Valérien Ismaël,Away,False
3860278,10484,0,18,Senol Can,11688,1,7,Hakan Keles,Away,False
3869045,8024,0,18,Armando Evangelista,294,4,2,Roger Schmidt,Away,False
3869052,1301,1,17,Vasco Seabra,720,5,1,Sérgio Conceição,Away,False
3869059,7378,3,7,Paulo Sérgio,2995,0,15,César Peixoto,Away,True
3869063,3329,0,16,Rui Pedro Silva,2424,0,13,Ivo Vieira,Away,False
3869111,3268,1,7,Filipe Martins,2420,0,8,Moreno,Away,True
3885844,681,1,8,Imanol Alguacil,1531,0,17,Francisco Rodríguez,Away,True
3889523,232,0,2,Guillermo Abascal,121,1,4,Slavisa Jokanovic,Away,False
3889529,121,2,5,Slavisa Jokanovic,49702,2,12,Mikhail Galaktionov,Away,False
3828446,190,3,5,Jess Thorup,369,0,12,Freyr Alexandersson,Away,True
3836756,317,1,6,Ron Jans,467,0,14,Rogier Meijer,Away,True
3837817,703,0,18,Steve Cooper,762,2,4,Eddie Howe,Away,False
3837828,873,1,16,Patrick Vieira,31,1,12,Jürgen Klopp,Away,False
3837846,29,1,18,Frank Lampard,1148,1,10,Thomas Frank,Away,False
3839081,23826,1,11,Domenico Tedesco,89,2,3,Urs Fischer,Away,False
3839087,60,1,5,Christian Streich,79,0,12,Pellegrino Matarazzo,Away,True
3839780,969,2,9,Olivier Dall'Oglio,583,5,1,Christophe Galtier,Away,False
3839840,1082,3,6,Paulo Fonseca,1147,1,20,Olivier Pantaloni,Away,True
3839867,290,1,9,Jean-Marc Furlan,1041,2,4,Peter Bosz,Away,False
3844759,12,1,6,José Mourinho,506,1,20,Massimiliano Allegri,Away,False
3860202,7775,0,16,Serkan Özbalta,449,1,2,Abdullah Avci,Away,False
3860271,449,2,9,Abdullah Avci,589,5,5,Nuri Sahin,Away,False
3869070,2995,2,17,César Peixoto,294,3,2,Roger Schmidt,Away,False
3869114,2423,0,16,Mário Silva,3329,1,15,Rui Pedro Silva,Away,False
3885851,13,1,6,Diego Simeone,1049,0,14,Gennaro Gattuso,Away,True
3888987,2672,0,13,Giannis Taousianis,605,3,2,Germán Burgos,Away,False
3889525,3725,2,8,Andrey Talalaev,2410,4,3,Vladimir Fedotov,Away,False
3890039,2578,0,9,Callum Davidson,124,4,2,Giovanni van Bronckhorst,Away,False
3890048,465,3,6,Stephen Robinson,1519,0,11,Jack Ross,Away,True
3890053,1241,0,7,David Martindale,370,5,4,Jim Goodwin,Away,False
3899237,1063,1,,Jacob Friis,379,3,,David Moyes,Away,False
3902060,2740,1,16,Viktor Skrypnyk,10690,3,1,Patrick van Leeuwen,Away,False
3909912,2410,2,,Vladimir Fedotov,1186,0,,Nikolay Kovardaev,Away,True
3839781,244,1,4,Igor Tudor,3911,1,14,Michel Der Zakarian,Away,False
3844597,366,1,17,Pacheta,368,1,12,Julen Lopetegui,Away,False
3860184,141,0,5,Okan Buruk,449,0,6,Abdullah Avci,Away,False
3837848,1003,1,20,Brendan Rodgers,631,2,6,Thomas Tuchel,Away,False
3851208,1245,1,14,Bernd Storck,968,0,12,Jonas De Roeck,Away,True
3890040,2759,0,12,Malky Mackay,465,1,8,Stephen Robinson,Away,False
3839821,1095,1,20,Bruno Irles,1041,4,5,Peter Bosz,Away,False
